{
      "name": "Aaditya Gedhar",
      "skills": {
            "python": 0.25,
            "html": 0.16666666666666666,
            "api": 0.16666666666666666,
            "tf": 0.16666666666666666,
            "dl": 0.16666666666666666,
            "aws": 0.08333333333333333
      },
      "phone": [
            "+91 77910 91668"
      ],
      "email": [
            "aaditygedar@gmail.com"
      ],
      "links": {
            "email": [
                  "aaditygedar@gmail.com"
            ],
            "github": [],
            "linkedin": [],
            "others": []
      }
}