{
      "name": "Aishwarya Kalburgi",
      "skills": {
            "python": 0.2962962962962963,
            "ml": 0.1111111111111111,
            "sql": 0.1111111111111111,
            "rest": 0.1111111111111111,
            "api": 0.1111111111111111,
            "dl": 0.07407407407407407,
            "tf": 0.07407407407407407,
            "c++": 0.037037037037037035,
            "json": 0.037037037037037035,
            "ide": 0.037037037037037035
      },
      "phone": [
            "+918884927801"
      ],
      "email": [
            "aishwaryak801@gmail.com"
      ],
      "links": {
            "email": [],
            "github": [],
            "linkedin": [],
            "others": []
      }
}