{
      "name": "Abhisek Rout",
      "skills": {
            "sas": 0.2857142857142857,
            "sql": 0.2857142857142857,
            "excel": 0.21428571428571427,
            "tableau": 0.14285714285714285,
            "python": 0.07142857142857142
      },
      "phone": [
            "+91 7406359195"
      ],
      "email": [
            "abhisekrout894@gmail.com"
      ],
      "links": {
            "email": [],
            "github": [],
            "linkedin": [],
            "others": []
      }
}